Table 6.4D. Full-Time and Part-Time Employees by Industry,,,,,,,,,
[Thousands] ,,,,,,,,,
Bureau of Economic Analysis ,,,,,,,,,
"Last Revised on: July 30, 2021",,,,,,,,,
Line,,2013,2014,2015,2016,2017,2018,2019,2020
,,,,,,,,,
1,            Full-time and part-time employees,141103,143758,146634,148735,150653,153175,155338,146528
2,Domestic industries,142215,145003,147942,150199,152179,154673,156872,147564
3,    Private industries,117880,120668,123521,125605,127457,129819,131804,123107
4,"        Agriculture, forestry, fishing, and hunting",1356,1380,1439,1417,1418,1417,1420,1391
5,            Farms,789,803,817,820,819,814,813,809
6,"            Forestry, fishing, and related activities",567,577,623,597,599,603,607,581
7,        Mining,810,842,751,611,622,672,674,539
8,            Oil and gas extraction,197,200,196,175,144,143,142,127
9,"            Mining, except oil and gas",210,205,197,180,185,191,192,176
10,            Support activities for mining,403,436,358,255,293,339,340,236
11,        Utilities,549,550,555,555,553,553,549,545
12,        Construction,5996,6282,6613,6883,7127,7419,7664,7401
13,        Manufacturing,12023,12189,12332,12335,12440,12672,12806,12109
14,            Durable goods,7546,7670,7763,7702,7744,7943,8035,7544
15,                Wood products,355,371,381,391,398,406,407,396
16,                Nonmetallic mineral products,373,383,398,407,411,416,419,398
17,                Primary metals,398,398,393,374,370,380,387,351
18,                Fabricated metal products,1425,1453,1456,1419,1422,1466,1484,1374
19,                Machinery,1107,1123,1118,1073,1076,1113,1126,1047
20,                Computer and electronic products,1063,1050,1055,1048,1044,1059,1074,1060
21,"                Electrical equipment, appliances, and components",376,379,382,382,386,398,401,381
22,"                Motor vehicles, bodies and trailers, and parts",819,871,917,945,970,1002,999,891
23,                Other transportation equipment,689,683,693,682,678,700,734,702
24,                Furniture and related products,360,370,381,391,395,394,386,361
25,                Miscellaneous manufacturing,582,588,590,592,595,610,619,583
26,            Nondurable goods,4477,4519,4569,4633,4695,4729,4770,4565
27,                Food and beverage and tobacco products,1673,1703,1742,1798,1858,1888,1922,1876
28,                Textile mills and textile product mills,233,235,234,230,229,228,221,197
29,                Apparel and leather and allied products,174,170,166,159,149,142,137,114
30,                Paper products,377,373,372,370,368,364,371,354
31,                Printing and related support activities,455,453,450,448,441,431,425,376
32,                Petroleum and coal products,111,110,110,111,113,113,113,109
33,                Chemical products,795,802,808,813,823,832,850,846
34,                Plastics and rubber products,658,674,688,702,715,730,731,693
35,        Wholesale trade,5773,5847,5905,5897,5934,5882,5916,5650
36,            Durable goods,3330,3373,3412,3408,3443,3438,3476,3339
37,            Nondurable goods,2443,2474,2493,2489,2491,2445,2439,2311
38,        Retail trade,15200,15462,15777,15960,15989,15933,15751,14892
39,            Motor vehicle and parts dealers,1809,1875,1950,1996,2019,2033,2047,1907
40,            Food and beverage stores,2963,3024,3092,3110,3119,3103,3093,3119
41,            General merchandise stores,3083,3129,3188,3222,3130,3111,3033,2942
42,            Other retail2,7346,7434,7548,7632,7720,7686,7577,6924
43,        Transportation and warehousing,4506,4675,4891,5021,5198,5444,5741,5773
44,            Air transportation,451,452,464,478,497,506,509,465
45,            Rail transportation,199,204,207,190,183,182,176,156
46,            Water transportation,67,69,68,66,65,65,67,59
47,            Truck transportation,1400,1446,1480,1474,1481,1522,1558,1499
48,            Transit and ground passenger transportation,458,477,487,487,490,493,505,373
49,            Pipeline transportation,44,47,49,49,50,50,51,51
50,            Other transportation and support activities3,1173,1232,1302,1344,1401,1481,1623,1696
51,            Warehousing and storage,713,749,834,933,1031,1145,1251,1474
52,        Information,2719,2747,2772,2817,2804,2821,2856,2715
53,            Publishing industries (includes software),842,848,862,874,884,903,941,961
54,            Motion picture and sound recording industries,385,388,412,448,428,424,437,296
55,            Broadcasting and telecommunications,1135,1134,1088,1073,1047,1018,980,933
56,            Information and data processing services,358,377,410,422,445,476,498,524
57,        Finance and insurance,5895,5949,6069,6153,6282,6328,6457,6506
58,"            Federal Reserve banks, credit intermediation, and related activities",2633,2583,2585,2627,2677,2661,2678,2689
59,"            Securities, commodity contracts, and investments",867,884,907,922,927,945,952,948
60,            Insurance carriers and related activities,2391,2477,2570,2594,2665,2708,2811,2851
61,"            Funds, trusts, and other financial vehicles",4,6,7,10,13,15,17,18
62,        Real estate and rental and leasing,2043,2074,2137,2173,2230,2294,2373,2237
63,            Real estate,1499,1518,1568,1597,1648,1704,1767,1728
64,            Rental and leasing services and lessors of intangible assets4,544,556,569,575,583,591,606,509
65,"        Professional, scientific, and technical services",8209,8442,8719,8932,9101,9384,9635,9547
66,            Legal services,1145,1134,1135,1140,1151,1158,1169,1147
67,            Computer systems design and related services,1713,1801,1919,1987,2059,2133,2200,2212
68,"            Miscellaneous professional, scientific, and technical services5",5351,5507,5665,5804,5891,6093,6266,6188
69,        Management of companies and enterprises6,2090,2152,2195,2234,2284,2351,2411,2323
70,        Administrative and waste management services,8337,8633,8874,9046,9151,9315,9372,8625
71,            Administrative and support services,7961,8245,8474,8644,8734,8877,8920,8178
72,            Waste management and remediation services,377,388,400,402,417,437,452,446
73,        Educational services,3403,3467,3540,3606,3662,3722,3769,3493
74,        Health care and social assistance,17850,18154,18644,19204,19575,20019,20445,19829
75,            Ambulatory health care services,6501,6659,6880,7096,7295,7512,7720,7496
76,            Hospitals,4778,4762,4889,5009,5073,5125,5180,5117
77,            Nursing and residential care facilities,3261,3292,3311,3375,3350,3389,3382,3219
78,            Social assistance,3309,3441,3564,3724,3857,3993,4164,3998
79,"        Arts, entertainment, and recreation",2066,2172,2192,2281,2335,2408,2470,1766
80,"            Performing arts, spectator sports, museums, and related activities",580,613,619,641,660,683,700,478
81,"            Amusements, gambling, and recreation industries",1486,1559,1573,1640,1675,1726,1770,1288
82,        Accommodation and food services,12242,12611,13033,13420,13711,13917,14126,11166
83,            Accommodation,1856,1891,1930,1951,1992,2025,2065,1406
84,            Food services and drinking places,10386,10720,11103,11469,11719,11892,12062,9760
85,"        Other services, except government",6812,7041,7081,7061,7042,7268,7368,6600
86,    Government,24335,24336,24421,24594,24721,24854,25068,24457
87,        Federal,5138,5048,5039,5056,5070,5062,5118,5222
88,            General government,4442,4360,4352,4359,4368,4367,4428,4541
89,                Civilian,2184,2159,2180,2207,2211,2213,2246,2358
90,                Military7,2258,2202,2172,2152,2156,2155,2182,2183
91,            Government enterprises,696,687,687,697,703,695,690,681
92,        State and local,19197,19288,19382,19538,19651,19792,19949,19235
93,            General government,18037,18122,18215,18357,18468,18596,18745,18092
94,                Education,10274,10316,10371,10437,10507,10563,10644,10156
95,                Other8,7763,7806,7844,7920,7961,8033,8101,7936
96,            Government enterprises8,1160,1166,1167,1181,1183,1196,1204,1143
97,Rest of the world9,-1112,-1245,-1307,-1464,-1526,-1498,-1534,-1036
Legend / Footnotes:,,,,,,,,,
1. NAICS crop and animal production.,,,,,,,,,
"2. Consists of furniture and home furnishings stores; electronics and appliance stores; building material and garden equipment and supplies dealers; health and personal care stores; gasoline stations; clothing and clothing accessories stores; sporting goods, hobby, book, and music stores; miscellaneous store retailers; and nonstore retailers.",,,,,,,,,
3. Consists of scenic and sightseeing transportation; transportation support activities; and couriers and messengers.,,,,,,,,,
"4. Intangible assets include patents, trademarks, and franchise agreements, but not copyrights.",,,,,,,,,
"5. Consists of accounting, tax preparation, bookkeeping, and payroll services; architectural, engineering, and related services; specialized design services; management, scientific, and technical consulting services; scientific research and development services; advertising and related services; and other professional, scientific, and technical services.",,,,,,,,,
"6. Consists of offices of bank and other holding companies and of corporate, subsidiary, and regional managing offices.",,,,,,,,,
7. Includes Coast Guard.,,,,,,,,,
8. Employees of Indian tribal governments are classified in state and local government.,,,,,,,,,
9. Includes estimates of foreign professional workers and undocumented Mexican migratory workers employed temporarily in the United States.,,,,,,,,,
Note. Estimates in this table are based on the 2012 North American Industry Classification System (NAICS).,,,,,,,,,
